ARBC1002,,
ARBC1501,,
ARBC2001,,
ARBC2002,,
ARBC2301,,
ARBC3001,,
ARBC3002,,
ARBC3501,,
ARBC3691,,
ARBC3692,,
ARBC3693,,
ARCH2111,,
ARCH2112,,
ARCH2115,,
ARCH4109,,
ARCH4110,,
ARCH4113,,
ARCH4114,,
ARCH4117,,
ARCH4118,,
ARCH4119,,
ARCH4120,,
ARCH4124,,
ARCH4128,,
ARCH4151,,
ARCH4305,,
CHIN1002,,
CHIN1012,,
CHIN2001,,
CHIN2002,,
CHIN2011,,
CHIN2012,,
CHIN3003,,
CHIN3004,,
CHIN3021,,
CHIN3022,,
CHIN3691,,
CHIN3692,,
CHIN4003,,
CHIN4004,,
CHIN4006,,
CHIN4021,,
CHIN4031,,
CHIN4500,,
COA2241,,
COA2242,,
COA3114,,
COA3115,,
COA3116,,
CP4040,,
CS4752,,
FREN100,,2
FREN2001,,
FREN2002,,
FREN2005,,
FREN3000,,
FREN3001,,
FREN3002,,
FREN3004,,
FREN3011,,
FREN3012,,
FREN3014,,
FREN3015,,
FREN3017,,
FREN3030,,
FREN3040,,
FREN3061,,
FREN3062,,
FREN3110,,
FREN3121,,
FREN3500,,
FREN3551,,
FREN3552,,
FREN3555,,
FREN3556,,
FREN3691,,
FREN3692,,
FREN3693,,
FREN3694,,
FREN4001,,
FREN4011,,
FREN4013,,
FREN4061,,
FREN4062,,
FREN4101,,
FREN4102,,
FREN4103,,
FREN4105,,
FREN4107,,
FREN4200,,
FREN4241,,
FREN4242,,
FREN4300,,
FREN4500,,
GRMN1002,,
GRMN2001,,
GRMN2002,,
GRMN3010,,
GRMN3011,,
GRMN3024,,
GRMN3026,,
GRMN3030,,
GRMN3055,,
GRMN3071,,
GRMN3110,,
GRMN3695,,
GRMN3696,,
GRMN3697,,
GRMN4010,,
GRMN4012,,
GRMN4023,,
GRMN4024,,
GRMN4025,,
GRMN4026,,
GRMN4061,,
GRMN4065,,
GRMN4120,,
GRMN4126,,
GRMN4500,,
GRMN4693,,
GRMN4694,,
ID2202,,
ID4206,,
INTA474,,3
JAPN1002,,
JAPN2001,,
JAPN2002,,
JAPN3001,,
JAPN3061,,
JAPN3691,,
JAPN3692,,
JAPN3693,,
JAPN4113,,
JAPN4123,,
JAPN4143,,
JAPN4163,,
JAPN4165,,
JAPN4173,,
JAPN4231,,
JAPN4233,,
JAPN4235,,
JAPN4500,,
JAPN4543,,
JAPN4743,,
JAPN4750,,
JAPN4780,,
KOR1002,,
KOR2001,,
KOR2002,,
KOR3001,,
KOR3002,,
KOR3691,,
KOR3692,,
KOR3693,,
KOR4001,,
KOR4002,,
LING2100,,
LING4780,,
LMC2000,,
LMC2050,,
LMC2100,,
LMC2200,,
LMC2300,,
LMC2400,,
LMC2500,,
LMC2600,,
LMC3102,,
LMC3104,,
LMC3106,,
LMC3108,,
LMC3110,,
LMC3112,,
LMC3114,,
LMC3116,,
LMC3118,,
LMC3202,,
LMC3204,,
LMC3206,,
LMC3208,,
LMC3210,,
LMC3212,,
LMC3214,,
LMC3216,,
LMC3218,,
LMC3219,,
LMC3220,,
LMC3222,,
LMC3225,,
LMC3226,,
LMC3228,,
LMC3234,,
LMC3252,,
LMC3254,,
LMC3256,,
LMC3257,,
LMC3258,,
LMC3259,,
LMC3262,,
LMC3302,,
LMC3304,,
LMC3306,,
LMC3308,,
LMC3310,,
LMC3314,,
LMC3316,,
LMC3318,,
LMC3352,,
LMC3362,,
LMC3502,,
LMC3504,,
LMC3506,,
LMC3508,,
LMC3510,,
LMC3512,,
LMC3514,,
LMC3516,,
LMC3518,,
LMC4204,,
MUSI2010,,
MUSI2011,,
MUSI2600,,
MUSI3450,,
MUSI3500,,
MUSI3600,,
MUSI3610,,
MUSI3620,,
MUSI3630,,
MUSI4450,,
MUSI4455,,
PERS1002,,
PHIL2010,,
PHIL2025,,
PHIL3050,,
PHIL3102,,
PHIL3103,,
PHIL3105,,
PHIL3109,,
PHIL3113,,
PHIL3115,,
PHIL3127,,
PHIL3135,,
PHIL4110,,
PHIL4174,,
PHIL4176,,
PHIL4752,,
RUSS1002,,
RUSS1250,,
RUSS1692,,
RUSS2001,,
RUSS2002,,
RUSS2691,,
RUSS2692,,
RUSS3001,,
RUSS3002,,
RUSS3222,,
RUSS3691,,
RUSS3692,,
RUSS3698,,
SPAN1002,,
SPAN1102,,
SPAN2001,,
SPAN2002,,
SPAN2690,,
SPAN3050,,
SPAN3061,,
SPAN3062,,
SPAN3064,,
SPAN3101,,
SPAN3102,,
SPAN3111,,
SPAN3112,,
SPAN3122,,
SPAN3170,,
SPAN3211,,
SPAN3235,,
SPAN3241,,
SPAN3242,,
SPAN3254,,
SPAN3260,,
SPAN3500,,
SPAN3691,,
SPAN3692,,
SPAN3693,,
SPAN3694,,
SPAN3697,,
SPAN3698,,
SPAN4061,,
SPAN4062,,
SPAN4065,,
SPAN4070,,
SPAN4071,,
SPAN4101,,
SPAN4150,,
SPAN4160,,
SPAN4165,,
SPAN4170,,
SPAN4220,,
SPAN4235,,
SPAN4236,,
SPAN4242,,
SPAN4251,,
SPAN4255,,
SPAN4350,,
SPAN4400,,
SPAN4500,,